title,price
მზის ასული - ქართული ხალხური ზღაპარი,24.95₾
Nineteen Eighty-four,22.95₾
მწვანეთითება ტისტუ,9.95₾
Barcelona Interiors,169₾
35 კილო იმედი,9.9₾
The Sherlock Holmes Book,75.95₾
On Natural Selection,22.95₾
Little Black Classic - The Life of a Stupid Man,7.95₾
Ladybird Tales - The Ugly Duckling,11.95₾
One Swallow Does Not Make a Summer,22.95₾
"მე, რობოტი (რეპრინტი)",15.95₾
ქართული მონეტების ოქროს კოლექცია - 24 მონეტა (კომპლექტის ნაწილი l),120₾
მბ.7-9 ტელეფონით მოყოლილი ზღაპრები,11.9₾
საოცარი თავსატეხები და გამოცანები  წიგნი 7 წლიდან,7.9₾
შეხვედრები შესანიშნავ ადამიანებთან,34₾
როგორ დავხატოთ 101 ტრანსპორტი,7.9₾
სულხან-საბა ორბელიანი - იგავ-არაკები,9.9₾
საოცარი თავსატეხები და გამოცანები წიგნი 6 წლიდან,7.9₾
სახალისო გამოცანები საზრიანი ბავშვებისთვის,8.9₾
როგორ დავხატოთ 101 სასაცილო ადამიანი,7.9₾
ყვითელი კოდალას ორდენი,14.9₾
როგორ დავხატოთ 101 ცხოველი,7.9₾
"შველი,სახელად კოპლი",8.9₾
მთვარეკაცუნა,29.95₾
წარსული ხელოვნების ენით,19.95₾
სულიერი ძმა,10.9₾
რისი კურკაა?,29.95₾
ჩემი სიმღერა,20.9₾
ქართული ფილმი - GEORGIAN FILM,99.95₾
გველისმჭამელი,14.95₾
მამა მუმინების მემუარები,11.9₾
კომეტა მუმინების ხეობაში,11.9₾
არქეოლოგია - მოკლე ისტორია,16.9₾
საქართველოს სახელით,18.9₾
"მბ.7-9 ტოტოშა - გოგონა, რომელსაც საბავშვო ბაღში არ უვლია",10.9₾
ტორტი ზეცაში,9.9₾
ქარი ამწევი ფარდის,18.9₾
ჯადოქრის ქუდი,11.9₾
ძვლების წიგნი,15.95₾
პატარა ამბები-ჩვენ ორნი,19.9₾
დიონისოს ღიმილი,30₾
ალეფი,14.9₾
ვაზის ყვავილობა,30₾
ორი ნაბიჯი შენამდე,14.95₾
თუ დავრჩები,11.95₾
ფიქრი წარსულსა და მომავალზე,32.95₾
Disney - ახალ წლამდე დარჩა...,27.95₾
გაყინული - მოძრავი ნახატებით,7.95₾
გაორება,14.95₾
დისნეი პრინცესა-კონკია,14.99₾
ბარდნარის ჩიტები მეორე ნაწილი,25.95₾
ბარდნარის ჩიტები პირველი ნაწილი,23.95₾
სწრაფი ღამისიერი,13.9₾
ჩემი ჩინური ენის პატარა ილუსტრირებული ლექსიკონი,14.95₾
უძებნი შვილი,14.95₾
მთვარის მოზაიკა,14.95₾
დეიდა ხულია და ჯღაბნია,27.95₾
ჩემი პატარა ქალაქი,44.95₾
ტონი მორისონი - სულა(ინტელექტი),16.95₾
რუსეთ-საქართველოს ომი,34.95₾
რუსეთ-საქართველოს ომი,34.95₾
ნათელა ბალიაური - სწორფრობა ხევსურეთში,19.95₾
დიდი დაცემა,19.95₾
მასკარაფონე,19.95₾
ბაგრატიონები,24.95₾
პოემები,18.95₾
ნიუორლეანური ჩანახატები,19.95₾
ზაოდი,19.95₾
მედეა,24.95₾
გამოცხადებული სიკვდილის ქრონიკა,19.95₾
ჯავახეთი (ისტორიულ-კულტურული ნარკვევი),79.95₾
დაზაფრული ატლანტები,14.95₾
მთის დედოფალი,15.95₾
კონტრაპუნქტი,34.95₾
თორი,19.95₾
ბაგრატიონები,19.95₾
ჯავახეთი (ისტორიულ-კულტურული ნარკვევი),79.95₾
ანტირუსული ისტორიები,34.95₾
სნობების წიგნი,29.95₾
ვოლოდიმირ ზელენსკი - გზავნილი უკრაინიდან,29.95₾
სამოთხე,27.95₾
გურული გენერლები,19.95₾
მეფისტოფელი,34.95₾
ღვთის გლახა,34.95₾
ბაგრატიონები,24.95₾
ანტისაბჭოური ისტორიები RU,34.95₾
დაზაფრული ატლანტები,14.95₾
მარტინ იდენი,12.95₾
დოჩანაშვილის კომპლექტი,199₾
The Forty Rules of Love,36.95₾
Little Black Classic - Leonardo da Vinci,7.95₾
Animal Farm,29.95₾
Ladybird Readers -  Frankenstein (L6),14.95₾
To the Lighthouse,11.95₾
Vintage Classics Library - Little Women,11.95₾
The Elves and the Shoema,11.95₾
To the Lighthouse,11.95₾
Man's Search For Meaning,25.95₾
Ladybird Readers -  Frankenstein (L6),14.95₾
The Forty Rules of Love,36.95₾
Animal Farm,29.95₾
The Fault in Our Stars,33.95₾
The Handmaid's Tale,36.95₾
Vintage Classics Library - Little Women,11.95₾
შეშლილი ჩანაწერები,19.99₾
სიცოცხლის ამბავი,46.95₾
სოციალური მედია და მარკეტინგი,21.95₾
გონების მიღმა,16.95₾
პოლიტიკური შეუღლებანი ძველ საქართველოში,10.99₾
ახალი დროის აპოკრიფები - მცირე პროზა იესო ქრისტეს შესახებ,21.95₾
მზეს ველოდები,14.99₾
ზარატუსტრა: გზა აღმასვლისკენ,21.9₾
ზარაუსტრა: მოცეკვავე ღმერთი,19.95₾
"მთებში მივალ, რომ გავექცე ქალაქს",17.95₾
ბუდა:გულის სიცარიელე,16.99₾
მსოფლიოს ცნობილი კატასტროფები - აკაკი სოსელია,17.95₾
დემნა შენგელაია მოდერნისტული რომანის საწყისებთან,26.95₾
ზარატუსტრა: მოცინარი წინასწარმეტყველი,25₾
თანამედროვე სოციალური პროცესები და ქართული მედია,14.95₾
მეცნიერი ფიზიკოსები,11.99₾
